2025/4/13, fjale
2025/4/14,vizir
2025/4/15,kotet
2025/4/16,solla
2025/4/17,plisa
2025/4/18,pulpa
2025/4/19,humor
2025/4/20,labot
2025/4/21,reale
2025/4/22,brydh
2025/4/23,vapje
2025/4/24,lakun
2025/4/25,ildis
2025/4/26,barth
2025/4/27,ndize
2025/4/28,llosh
2025/4/29,anion
2025/4/30,tesha
2025/5/1,eunuk
2025/5/2,trini
2025/5/3,surve
2025/5/4,mihet
2025/5/5,votua
2025/5/6,ndrys
2025/5/7,gjysh
2025/5/8,cikin
2025/5/9,motua
2025/5/10,dhesi
2025/5/11,qafoj
2025/5/12,larik
2025/5/13,pikje
2025/5/14,fytak
2025/5/15,yllth
2025/5/16,tanin
2025/5/17,notie
2025/5/18,melte
2025/5/19,topis
2025/5/20,ideor
2025/5/21,hahet
2025/5/22,ligen
2025/5/23,falin
2025/5/24,godas
2025/5/25,vozit
2025/5/26,picko
2025/5/27,grisi
2025/5/28,benin
2025/5/29,peqin
2025/5/30,furim
2025/5/31,zymti
2025/6/1,trena
2025/6/2,tafta
2025/6/3,mutit
2025/6/4,sudan
2025/6/5,vicke
2025/6/6,vatho
2025/6/7,turbe
2025/6/8,tetit
2025/6/9,nunla
2025/6/10,hapua
2025/6/11,muajt
2025/6/12,ulema
2025/6/13,falet
2025/6/14,fyeka
2025/6/15,okser
2025/6/16,topit
2025/6/17,trina
2025/6/18,afrim
2025/6/19,tirol
2025/6/20,trino
2025/6/21,vejte
2025/6/22,kazaz
2025/6/23,levan
2025/6/24,brima
2025/6/25,huana
2025/6/26,votim
2025/6/27,bloje
2025/6/28,idhuj
2025/6/29,pipto
2025/6/30,timen
2025/7/1,anemi
2025/7/2,latoj
2025/7/3,sukth
2025/7/4,fjalo
2025/7/5,qenen
2025/7/6,lakas
2025/7/7,kupac
2025/7/8,plago
2025/7/9,driza
2025/7/10,aktiv
2025/7/11,tjerr
2025/7/12,mujoi
2025/7/13,vomet
2025/7/14,mesme
2025/7/15,brunc
2025/7/16,vakim
2025/7/17,tajka
2025/7/18,belik
2025/7/19,koine
2025/7/20,cigan
2025/7/21,terse
2025/7/22,qokke
2025/7/23,afron
2025/7/24,dhimb
2025/7/25,oshke
2025/7/26,cytet
2025/7/27,ymrin
2025/7/28,luten
2025/7/29,gryme
2025/7/30,serbo
2025/7/31,bejku
2025/8/1,gjehu
2025/8/2,akili
2025/8/3,avrom
2025/8/4,bardh
2025/8/5,nunle
2025/8/6,cumri
2025/8/7,vetot
2025/8/8,kequr
2025/8/9,caqet
2025/8/10,qelqe
2025/8/11,sulin
2025/8/12,yenim
2025/8/13,tabor
2025/8/14,takra
2025/8/15,plana
2025/8/16,fejet
2025/8/17,hipik
2025/8/18,kripu
2025/8/19,qengj
2025/8/20,gjana
2025/8/21,lluca
2025/8/22,dheun
2025/8/23,baxho
2025/8/24,liker
2025/8/25,dytin
2025/8/26,surbo
2025/8/27,prime
2025/8/28,dinim
2025/8/29,kazus
2025/8/30,kater
2025/8/31,tajke
2025/9/1,dalje
2025/9/2,sisim
2025/9/3,emeto
2025/9/4,mehet
2025/9/5,linux
2025/9/6,smira
2025/9/7,puqej
2025/9/8,shoje
2025/9/9,dijes
2025/9/10,anton
2025/9/11,shuaj
2025/9/12,vrasa
2025/9/13,cirua
2025/9/14,humbu
2025/9/15,kuban
2025/9/16,potok
2025/9/17,griji
2025/9/18,duroj
2025/9/19,shish
2025/9/20,ehull
2025/9/21,ujkth
2025/9/22,fokus
2025/9/23,keqni
2025/9/24,korie
2025/9/25,gofja
2025/9/26,ankoi
2025/9/27,harmi
2025/9/28,trunt
2025/9/29,arnoi
2025/9/30,parka
2025/10/1,flete
2025/10/2,vidhu
2025/10/3,matur
2025/10/4,pikth
2025/10/5,sisje
2025/10/6,vepro
2025/10/7,tetit
2025/10/8,vathe
2025/10/9,ririt
2025/10/10,grosh
2025/10/11,pishk
2025/10/12,zharg
2025/10/13,kopsa
2025/10/14,njeha
2025/10/15,takon
2025/10/16,zjeva
2025/10/17,asket
2025/10/18,hutlo
2025/10/19,fanit
2025/10/20,bykut
2025/10/21,zezua
2025/10/22,qarko
2025/10/23,kulim
2025/10/24,behet
2025/10/25,dheun
2025/10/26,kepja
2025/10/27,lidha
2025/10/28,datoi
2025/10/29,fajde
2025/10/30,kapje
2025/10/31,zegli
2025/11/1,fakte
2025/11/2,sikur
2025/11/3,avion
2025/11/4,vonoi
2025/11/5,eptim
2025/11/6,atome
2025/11/7,uells
2025/11/8,freza
2025/11/9,thati
2025/11/10,lihet
2025/11/11,zjeva
2025/11/12,cenim
2025/11/13,aneve
2025/11/14,mizor
2025/11/15,mbaji
2025/11/16,palok
2025/11/17,vring
2025/11/18,bunga
2025/11/19,drape
2025/11/20,manak
2025/11/21,jermo
2025/11/22,kapja
2025/11/23,vlove
2025/11/24,deshi
2025/11/25,fejet
2025/11/26,brica
2025/11/27,hupet
2025/11/28,oslon
2025/11/29,pisen
2025/11/30,tokle
2025/12/1,reale
2025/12/2,bohem
2025/12/3,vuash
2025/12/4,atoni
2025/12/5,helen
2025/12/6,dakja
2025/12/7,flijo
2025/12/8,bezdi
2025/12/9,vihem
2025/12/10,hurba
2025/12/11,koket
2025/12/12,shtyn
2025/12/13,bytha
2025/12/14,qezra
2025/12/15,kuqon
2025/12/16,esnaf
2025/12/17,lakej
2025/12/18,preha
2025/12/19,ndjej
2025/12/20,turli
2025/12/21,kumri
2025/12/22,bazal
2025/12/23,dekik
2025/12/24,rrasu
2025/12/25,ganiu
2025/12/26,qellu
2025/12/27,pares
2025/12/28,zamke
2025/12/29,veski
2025/12/30,lakra
2025/12/31,ngeje
2026/1/1,jehet
2026/1/2,vapua
2026/1/3,vonim
2026/1/4,freza
2026/1/5,donit
2026/1/6,ujita
2026/1/7,arrit
2026/1/8,pinen
2026/1/9,petla
2026/1/10,yenim
2026/1/11,furke
2026/1/12,cenos
2026/1/13,malte
2026/1/14,gazra
2026/1/15,kulmi
2026/1/16,mbare
2026/1/17,qyqar
2026/1/18,proka
2026/1/19,mbaru
2026/1/20,tymar
2026/1/21,fikni
2026/1/22,kerre
2026/1/23,dioda
2026/1/24,habis
2026/1/25,qetni
2026/1/26,grifa
2026/1/27,fetus
2026/1/28,afoni
2026/1/29,akute
2026/1/30,perla
2026/1/31,mykth
2026/2/1,lyeje
2026/2/2,cenua
2026/2/3,sonda
2026/2/4,dukni
2026/2/5,gresa
2026/2/6,qenve
2026/2/7,kishe
2026/2/8,qaset
2026/2/9,haste
2026/2/10,fejua
2026/2/11,blera
2026/2/12,ulnim
2026/2/13,ndoqe
2026/2/14,mulla
2026/2/15,koqja
2026/2/16,ildis
2026/2/17,haber
2026/2/18,baste
2026/2/19,trial
2026/2/20,sotmi
2026/2/21,fasha
2026/2/22,mpija
2026/2/23,matej
2026/2/24,acaro
2026/2/25,porta
2026/2/26,varda
2026/2/27,romak
2026/2/28,tymra
2026/3/1,kreol
2026/3/2,mehen
2026/3/3,vrake
2026/3/4,shuka
2026/3/5,errim
2026/3/6,valoj
2026/3/7,rumba
2026/3/8,kaplo
2026/3/9,susam
2026/3/10,syska
2026/3/11,kepka
2026/3/12,varra
2026/3/13,kopil
2026/3/14,pahit
2026/3/15,dridh
2026/3/16,laike
2026/3/17,ligte
2026/3/18,kalon
2026/3/19,fluor
2026/3/20,oxhak
2026/3/21,ndeze
2026/3/22,brano
2026/3/23,dehet
2026/3/24,lymte
2026/3/25,vyshk
2026/3/26,sabri
2026/3/27,tutke
2026/3/28,vizim
2026/3/29,ngujo
2026/3/30,topit
2026/3/31,shpiu
2026/4/1,arbri
2026/4/2,hiqej
2026/4/3,merri
2026/4/4,epike
2026/4/5,rehat
2026/4/6,mekje
2026/4/7,tunda
2026/4/8,cirua
2026/4/9,cipal
2026/4/10,bazik
2026/4/11,sotme
2026/4/12,keqni
